Workbook

Sheet Inadimplencia - FEV 2025
A1: Relatorio de inadimplencia - Fev/2025
A2: TOTAL INADIMPLÊNCIA: | E2: =SUM(D5:D85) -> 3377637 | F2: =SUM(F5:F85) -> 81 | I2: =VLOOKUP(H5,A9:C35,2,0) -> #N/A
A3: Etapa/Unidade | B3: Qtde | C3: Valor principal | D3: Valor Corrigido | E3: Multas/Juros
C4: =SUM(C5:C85) -> 436666.86 | D4: =SUM(D5:D85) -> 3377637 | E4: =SUM(E5:E85) -> 2940970.1 | H4: Referencia | I4: Inadimplencia - FEV 2025
A5: OR016 | B5: 179 | C5: 47546.02 | D5: 1957145.6 | E5: =D5-C5 -> 1909599.5 | F5: 1 | H5: OR016 | I5: =VLOOKUP(H5,A5:E85,5,0) -> 1909599.5
A6: JA052 | B6: 154 | C6: 62651.41 | D6: 708179.44 | E6: =D6-C6 -> 645528.03 | F6: 1 | H6: AZ002
A7: OR006 | B7: 68 | C7: 29182.02 | D7: 290586.5 | E7: =D7-C7 -> 261404.48 | F7: 1 | H7: AZ003
A8: PI033 | B8: 83 | C8: 38226.46 | D8: 77430.58 | E8: =D8-C8 -> 39204.12 | F8: 1 | H8: AZ004
A9: GA022 | B9: 42 | C9: 19262.28 | D9: 39786.05 | E9: =D9-C9 -> 20523.77 | F9: 1 | H9: AZ005
A10: AZ010 | B10: 41 | C10: 19485.69 | D10: 26509.09 | E10: =D10-C10 -> 7023.4 | F10: 1 | H10: AZ006
A11: OR060 | B11: 3 | C11: 1207.49 | D11: 24521.38 | E11: =D11-C11 -> 23313.89 | F11: 1 | H11: AZ007
A12: AZ001 | B12: 10 | C12: 15193.4 | D12: 16769.17 | E12: =D12-C12 -> 1575.77 | F12: 1 | H12: AZ008
A13: PI057 | B13: 13 | C13: 8690.27 | D13: 12654.41 | E13: =D13-C13 -> 3964.14 | F13: 1 | H13: AZ009
A14: BO078 | B14: 19 | C14: 9918.81 | D14: 12220.13 | E14: =D14-C14 -> 2301.32 | F14: 1 | H14: AZ010
A15: JA033 | B15: 17 | C15: 8147.26 | D15: 10618.13 | E15: =D15-C15 -> 2470.87 | F15: 1 | H15: AZ011
A16: BO055 | B16: 10 | C16: 9458.1 | D16: 10583.76 | E16: =D16-C16 -> 1125.66 | F16: 1 | H16: AZ012
A17: AZ008 | B17: 16 | C17: 8180 | D17: 9873.38 | E17: =D17-C17 -> 1693.38 | F17: 1 | H17: AZ013
... A85: AZ064 | B85: 1 | C85: 530 | D85: 544.7 | E85: =D85-C85 -> 14.7 | F85: 1 | H85: AZ081
F86: =SUM(F5:F85) -> 81 | H86: AZ082
F87: =F86/549 -> 0.14754098 | H87: AZ083
H88: AZ084
H89: AZ085
H90: AZ086
H91: AZ087
H92: AZ088
H93: AZ089
H94: AZ090
H95: AZ091
H96: AZ092
H97: AZ093
H98: AZ094
H99: AZ095
... H551: PI094

Sheet Inadimplencia - Out 2025
A1: Relatorio de inadimplencia - OUT/2025
A2: TOTAL INADIMPLÊNCIA: | E2: =SUM(D5:D82) -> 3524023.2
A3: Etapa/Unidade | B3: Qtde | C3: Valor principal | D3: Valor Corrigido | E3: Multas/Juros
C4: =SUM(C5:C82) -> 479127.52 | D4: =SUM(D5:D82) -> 3524023.2 | E4: =SUM(E5:E82) -> 3046084 | F4: =SUM(F5:F82) -> 78
A5: OR016 | B5: 179 | C5: 47546.02 | D5: 2026502.2 | E5: =D5-C5 -> 1978956.1 | F5: 1
A6: JA052 | B6: 161 | C6: 66361.41 | D6: 750018.05 | E6: =D6-C6 -> 683656.64 | F6: 1
A7: OR006 | B7: 73 | C7: 31832.02 | D7: 311541.51 | E7: =D7-C7 -> 279709.49 | F7: 1
A8: OR060 | B8: 3 | C8: 1207.49 | D8: 26113.46 | E8: =D8-C8 -> 24905.97 | F8: 1
A9: GA022 | B9: 43 | C9: 19792.28 | D9: 42078.51 | E9: =D9-C9 -> 22286.23 | F9: 1
A10: AZ010 | B10: 48 | C10: 23195.69 | D10: 31815.66 | E10: =D10-C10 -> 8619.97 | F10: 1
A11: PI057 | B11: 17 | C11: 10810.27 | D11: 15565.89 | E11: =D11-C11 -> 4755.62 | F11: 1
A12: BO078 | B12: 26 | C12: 13628.81 | D12: 17241.53 | E12: =D12-C12 -> 3612.72 | F12: 1
A13: AZ001 | B13: 17 | C13: 25828.78 | D13: =C13+431.21+556.04+2152.92 -> 28968.95 | E13: =D13-C13 -> 3140.17 | F13: 1
A14: JA033 | B14: 18 | C14: 8677.26 | D14: 11775.96 | E14: =D14-C14 -> 3098.7 | F14: 1
A15: AZBAR | B15: 11 | C15: 4921.24 | D15: 7582.77 | E15: =D15-C15 -> 2661.53 | F15: 1
A16: BO055 | B16: 25 | C16: 20734.58 | D16: 23136.52 | E16: =D16-C16 -> 2401.94 | F16: 1
A17: AZ008 | B17: 19 | C17: 9770 | D17: 12140.85 | E17: =D17-C17 -> 2370.85 | F17: 1
A18: JA016 | B18: 20 | C18: 10330 | D18: 12567.56 | E18: =D18-C18 -> 2237.56 | F18: 1
A19: AZ039 | B19: 18 | C19: 9270 | D19: 11456.08 | E19: =D19-C19 -> 2186.08 | F19: 1
A20: AZ023 | B20: 16 | C20: 8240 | D20: 10217.63 | E20: =D20-C20 -> 1977.63 | F20: 1
A21: GA040 | B21: 18 | C21: 8546.35 | D21: 10431.86 | E21: =D21-C21 -> 1885.51 | F21: 1
A22: AZ093 | B22: 16 | C22: 10059.29 | D22: 11929 | E22: =D22-C22 -> 1869.71 | F22: 1
A23: PI072 | B23: 21 | C23: 10980 | D23: 12665.32 | E23: =D23-C23 -> 1685.32 | F23: 1
A24: AZ009 | B24: 14 | C24: 7210 | D24: 8868.32 | E24: =D24-C24 -> 1658.32 | F24: 1
A25: GA055 | B25: 16 | C25: 8240 | D25: 9460.95 | E25: =D25-C25 -> 1220.95 | F25: 1
... A29: AZ005 | B29: 13 | C29: 6890 | D29: 7541.22 | E29: =D29-C29 -> 651.22 | F29: 1
A30: GA004 | B30: 1 | C30: 530 | D30: 571.68 | E30: 643.81 | F30: 1
A31: GA073 | B31: 1 | C31: 530 | D31: 587.66 | E31: 643.81 | F31: 1
A32: AZ087 | B32: 20 | C32: 7535.86 | D32: 8065.15 | E32: =D32-C32 -> 529.29 | F32: 1
A33: AZ070 | B33: 7 | C33: 4746.29 | D33: 5240.42 | E33: =D33-C33 -> 494.13 | F33: 1
A34: AZ047 | B34: 27 | C34: 7579.61 | D34: 8047.12 | E34: =D34-C34 -> 467.51 | F34: 1
A35: AZ058 | B35: 14 | C35: 5843.25 | D35: 6202.21 | E35: =D35-C35 -> 358.96 | F35: 1
A36: OR071 | B36: 9 | C36: 4770 | D36: 5084 | E36: =D36-C36 -> 314 | F36: 1
A37: OR047 | B37: 3 | C37: 1782.62 | D37: 2035.7 | E37: =D37-C37 -> 253.08 | F37: 1
A38: OR028 | B38: 4 | C38: 4664.92 | D38: 4917.11 | E38: =D38-C38 -> 252.19 | F38: 1
A39: PI004 | B39: 7 | C39: 3710 | D39: 3936.36 | E39: =D39-C39 -> 226.36 | F39: 1
A40: OR020 | B40: 5 | C40: 2650 | D40: 2875.25 | E40: =D40-C40 -> 225.25 | F40: 1
A41: AZ059 | B41: 2 | C41: 1030 | D41: 1235.1 | E41: =D41-C41 -> 205.1 | F41: 1
A42: AZ026 | B42: 6 | C42: 3180 | D42: 3375.61 | E42: =D42-C42 -> 195.61 | F42: 1
A43: GA046 | B43: 6 | C43: 3180 | D43: 3366.22 | E43: =D43-C43 -> 186.22 | F43: 1
... A82: PI069 | B82: 1 | C82: 551.14 | D82: 570.07 | E82: =D82-C82 -> 18.93 | F82: 1
F83: =SUM(F5:F82) -> 78
F84: =F83/549 -> 0.1420765

Sheet Comparativa
K1: =SUM(K3:K550) -> 3377637 | L1: =SUM(L3:L550) -> 3524023.2 | M1: =L1-K1 -> 146386.24
A2: INDICADOR | B2: CPF | C2: Proprietário | D2: Etapa | E2: Unidade | F2: Nº Quartos | G2: Tipo de Unidade | H2: Capacidade | I2: Documento | J2: Referencia | K2: Inadimplencia - FEV 2025 | L2: Inadimplencia - OUT 2025 | M2: Diferença | N2: Situação
B3: 026.829.151-91 | C3: CASIMILDO FERREIRA DIAS | D3: Orquídeas - OR | E3: 16 | F3: 2 | G3: Residência | H3: 8 | J3: ="OR" & TEXT(E3, "000") -> OR016 | K3: =IFERROR(VLOOKUP(J3,'Inadimplencia - FEV 2025'!$A$5:$E$85,4,0),"0") -> 1957145.6 | L3: =IFERROR(VLOOKUP(J3,'Inadimplencia - Out 2025'!$A$5:$E$85,4,0),"0") -> 2026502.2 | M3: =L3-K3 -> 69356.61 | N3: =IF(L3>K3,"AUMENTOU","DIMINUIU") -> AUMENTOU
B4: 469.420.681-87 | C4: FRANCISCO MEDEIROS DE ARAUJO | D4: Jacarandás - JAC | E4: 52 | F4: 2 | G4: Residência | H4: 8 | J4: ="JA" & TEXT(E4, "000") -> JA052 | K4: =IFERROR(VLOOKUP(J4,'Inadimplencia - FEV 2025'!$A$5:$E$85,4,0),"0") -> 708179.44 | L4: =IFERROR(VLOOKUP(J4,'Inadimplencia - Out 2025'!$A$5:$E$85,4,0),"0") -> 750018.05 | M4: =L4-K4 -> 41838.61 | N4: =IF(L4>K4,"AUMENTOU","DIMINUIU") -> AUMENTOU
B5: 003.080.131-15 | C5: ALFREDO DAIR FERNANDES | D5: Orquídeas - OR | E5: 6 | F5: 2 | G5: Residência | H5: 8 | J5: ="OR" & TEXT(E5, "000") -> OR006 | K5: =IFERROR(VLOOKUP(J5,'Inadimplencia - FEV 2025'!$A$5:$E$85,4,0),"0") -> 290586.5 | L5: =IFERROR(VLOOKUP(J5,'Inadimplencia - Out 2025'!$A$5:$E$85,4,0),"0") -> 311541.51 | M5: =L5-K5 -> 20955.01 | N5: =IF(L5>K5,"AUMENTOU","DIMINUIU") -> AUMENTOU
B6: 042.641.856-53 | C6: MARILENE BATISTA SILVA DE GODOI | D6: Gardênia - GA | E6: 22 | F6: 2 | G6: Residência | H6: 8 | J6: ="GA" & TEXT(E6, "000") -> GA022 | K6: =IFERROR(VLOOKUP(J6,'Inadimplencia - FEV 2025'!$A$5:$E$85,4,0),"0") -> 39786.05 | L6: =IFERROR(VLOOKUP(J6,'Inadimplencia - Out 2025'!$A$5:$E$85,4,0),"0") -> 42078.51 | M6: =L6-K6 -> 2292.46 | N6: =IF(L6>K6,"AUMENTOU","DIMINUIU") -> AUMENTOU
B7: 153.472.731-00 | C7: LUCIMAR LISBOA DA CUNHA LEMES | D7: Azaléia - AZ | E7: 10 | F7: 2 | G7: Residência | H7: 8 | J7: ="AZ" & TEXT(E7, "000") -> AZ010 | K7: =IFERROR(VLOOKUP(J7,'Inadimplencia - FEV 2025'!$A$5:$E$85,4,0),"0") -> 26509.09 | L7: =IFERROR(VLOOKUP(J7,'Inadimplencia - Out 2025'!$A$5:$E$85,4,0),"0") -> 31815.66 | M7: =L7-K7 -> 5306.57 | N7: =IF(L7>K7,"AUMENTOU","DIMINUIU") -> AUMENTOU
B8: 054.909.011-87 | C8: MARCELO GRACIA CANASSA | D8: Orquídeas - OR | E8: 60 | F8: 2 | G8: Residência | H8: 8 | J8: ="OR" & TEXT(E8, "000") -> OR060 | K8: =IFERROR(VLOOKUP(J8,'Inadimplencia - FEV 2025'!$A$5:$E$85,4,0),"0") -> 24521.38 | L8: =IFERROR(VLOOKUP(J8,'Inadimplencia - Out 2025'!$A$5:$E$85,4,0),"0") -> 26113.46 | M8: =L8-K8 -> 1592.08 | N8: =IF(L8>K8,"AUMENTOU","DIMINUIU") -> AUMENTOU
B9: 059.604.601-49 | C9: MARIA MICHELINE COSTA VIEIRA | D9: Azaléia - AZ | E9: 1 | F9: 2 | G9: Residência | H9: 8 | J9: ="AZ" & TEXT(E9, "000") -> AZ001 | K9: =IFERROR(VLOOKUP(J9,'Inadimplencia - FEV 2025'!$A$5:$E$85,4,0),"0") -> 16769.17 | L9: =IFERROR(VLOOKUP(J9,'Inadimplencia - Out 2025'!$A$5:$E$85,4,0),"0") -> 28968.95 | M9: =L9-K9 -> 12199.78 | N9: =IF(L9>K9,"AUMENTOU","DIMINUIU") -> AUMENTOU
B10: 059.604.601-49 | C10: JOSÉ MARIA FRAZÃO | D10: Pitangueiras - PIT | E10: 57 | F10: 2 | G10: Locação Temporária | H10: 8 | J10: ="PI" & TEXT(E10, "000") -> PI057 | K10: =IFERROR(VLOOKUP(J10,'Inadimplencia - FEV 2025'!$A$5:$E$85,4,0),"0") -> 12654.41 | L10: =IFERROR(VLOOKUP(J10,'Inadimplencia - Out 2025'!$A$5:$E$85,4,0),"0") -> 15565.89 | M10: =L10-K10 -> 2911.48 | N10: =IF(L10>K10,"AUMENTOU","DIMINUIU") -> AUMENTOU
B11: 574.109.761-87 | C11: RAUL DE CASTRO ALVES | D11: Bougainville - BO | E11: 78 | F11: 2 | G11: Locação Temporária | H11: 8 | J11: ="BO" & TEXT(E11, "000") -> BO078 | K11: =IFERROR(VLOOKUP(J11,'Inadimplencia - FEV 2025'!$A$5:$E$85,4,0),"0") -> 12220.13 | L11: =IFERROR(VLOOKUP(J11,'Inadimplencia - Out 2025'!$A$5:$E$85,4,0),"0") -> 17241.53 | M11: =L11-K11 -> 5021.4 | N11: =IF(L11>K11,"AUMENTOU","DIMINUIU") -> AUMENTOU
B12: 598.221.121-49 | C12: LAERCIO PERY | D12: Jacarandás - JAC | E12: 33 | F12: 2 | G12: Residência | H12: 8 | J12: ="JA" & TEXT(E12, "000") -> JA033 | K12: =IFERROR(VLOOKUP(J12,'Inadimplencia - FEV 2025'!$A$5:$E$85,4,0),"0") -> 10618.13 | L12: =IFERROR(VLOOKUP(J12,'Inadimplencia - Out 2025'!$A$5:$E$85,4,0),"0") -> 11775.96 | M12: =L12-K12 -> 1157.83 | N12: =IF(L12>K12,"AUMENTOU","DIMINUIU") -> AUMENTOU
B13: 394.828.801-10 | C13: MARINA GONÇALVES VIEIRA | D13: Bougainville - BO | E13: 55 | F13: 2 | G13: Residência | H13: 8 | J13: ="BO" & TEXT(E13, "000") -> BO055 | K13: =IFERROR(VLOOKUP(J13,'Inadimplencia - FEV 2025'!$A$5:$E$85,4,0),"0") -> 10583.76 | L13: =IFERROR(VLOOKUP(J13,'Inadimplencia - Out 2025'!$A$5:$E$85,4,0),"0") -> 23136.52 | M13: =L13-K13 -> 12552.76 | N13: =IF(L13>K13,"AUMENTOU","DIMINUIU") -> AUMENTOU
B14: 435.480.831-53 | C14: MARIA DO SOCORRO BRAGA RAMALHO | D14: Azaléia - AZ | E14: 8 | F14: 2 | G14: Residência | H14: 8 | J14: ="AZ" & TEXT(E14, "000") -> AZ008 | K14: =IFERROR(VLOOKUP(J14,'Inadimplencia - FEV 2025'!$A$5:$E$85,4,0),"0") -> 9873.38 | L14: =IFERROR(VLOOKUP(J14,'Inadimplencia - Out 2025'!$A$5:$E$85,4,0),"0") -> 12140.85 | M14: =L14-K14 -> 2267.47 | N14: =IF(L14>K14,"AUMENTOU","DIMINUIU") -> AUMENTOU
B15: 375.788.711-53 | C15: CLOVIS PEREIRA DA SILVA | D15: Jacarandás - JAC | E15: 16 | F15: 2 | G15: Residência | H15: 8 | J15: ="JA" & TEXT(E15, "000") -> JA016 | K15: =IFERROR(VLOOKUP(J15,'Inadimplencia - FEV 2025'!$A$5:$E$85,4,0),"0") -> 9757.44 | L15: =IFERROR(VLOOKUP(J15,'Inadimplencia - Out 2025'!$A$5:$E$85,4,0),"0") -> 12567.56 | M15: =L15-K15 -> 2810.12 | N15: =IF(L15>K15,"AUMENTOU","DIMINUIU") -> AUMENTOU
B16: 984.282.681-34 | C16: MARIA DO SOCORRO BRAGA RAMALHO | D16: Azaléia - AZ | E16: 39 | F16: 2 | G16: Locação Temporária | H16: 4 | J16: ="AZ" & TEXT(E16, "000") -> AZ039 | K16: =IFERROR(VLOOKUP(J16,'Inadimplencia - FEV 2025'!$A$5:$E$85,4,0),"0") -> 9227.17 | L16: =IFERROR(VLOOKUP(J16,'Inadimplencia - Out 2025'!$A$5:$E$85,4,0),"0") -> 11456.08 | M16: =L16-K16 -> 2228.91 | N16: =IF(L16>K16,"AUMENTOU","DIMINUIU") -> AUMENTOU
B17: 732.336.258-04 | C17: JOSÉ MARIA FRAZÃO | D17: Azaléia - AZ | E17: 93 | F17: 2 | G17: Residência | H17: 8 | J17: ="AZ" & TEXT(E17, "000") -> AZ093 | K17: =IFERROR(VLOOKUP(J17,'Inadimplencia - FEV 2025'!$A$5:$E$85,4,0),"0") -> 8610.12 | L17: =IFERROR(VLOOKUP(J17,'Inadimplencia - Out 2025'!$A$5:$E$85,4,0),"0") -> 11929 | M17: =L17-K17 -> 3318.88 | N17: =IF(L17>K17,"AUMENTOU","DIMINUIU") -> AUMENTOU
B18: 010.461.441-20 | C18: ADRIANE DE SOUSA DURÃES | D18: Pitangueiras - PIT | E18: 72 | F18: 2 | G18: Residência | H18: 8 | J18: ="PI" & TEXT(E18, "000") -> PI072 | K18: =IFERROR(VLOOKUP(J18,'Inadimplencia - FEV 2025'!$A$5:$E$85,4,0),"0") -> 8253.66 | L18: =IFERROR(VLOOKUP(J18,'Inadimplencia - Out 2025'!$A$5:$E$85,4,0),"0") -> 12665.32 | M18: =L18-K18 -> 4411.66 | N18: =IF(L18>K18,"AUMENTOU","DIMINUIU") -> AUMENTOU
B19: 224.363.911-49 | C19: MARIA DO SOCORRO BRAGA RAMALHO | D19: Azaléia - AZ | E19: 23 | F19: 2 | G19: Locação Temporária | H19: 8 | J19: ="AZ" & TEXT(E19, "000") -> AZ023 | K19: =IFERROR(VLOOKUP(J19,'Inadimplencia - FEV 2025'!$A$5:$E$85,4,0),"0") -> 8051.65 | L19: =IFERROR(VLOOKUP(J19,'Inadimplencia - Out 2025'!$A$5:$E$85,4,0),"0") -> 10217.63 | M19: =L19-K19 -> 2165.98 | N19: =IF(L19>K19,"AUMENTOU","DIMINUIU") -> AUMENTOU
B20: 520.246.791-53 | J20: AZBAR | K20: =IFERROR(VLOOKUP(J20,'Inadimplencia - FEV 2025'!$A$5:$E$85,4,0),"0") -> 7186.21 | L20: =IFERROR(VLOOKUP(J20,'Inadimplencia - Out 2025'!$A$5:$E$85,4,0),"0") -> 7582.77 | M20: =L20-K20 -> 396.56 | N20: =IF(L20>K20,"AUMENTOU","DIMINUIU") -> AUMENTOU
B21: 059.604.601-49 | C21: KELIANE SANTOS ARANTES | D21: Gardênia - GA | E21: 40 | F21: 2 | G21: Residência | H21: 8 | J21: ="GA" & TEXT(E21, "000") -> GA040 | K21: =IFERROR(VLOOKUP(J21,'Inadimplencia - FEV 2025'!$A$5:$E$85,4,0),"0") -> 7070.41 | L21: =IFERROR(VLOOKUP(J21,'Inadimplencia - Out 2025'!$A$5:$E$85,4,0),"0") -> 10431.86 | M21: =L21-K21 -> 3361.45 | N21: =IF(L21>K21,"AUMENTOU","DIMINUIU") -> AUMENTOU
B22: 36.444.257/0001-80 | C22: MARIA DO SOCORRO BRAGA RAMALHO | D22: Azaléia - AZ | E22: 9 | F22: 2 | G22: Locação Temporária | H22: 8 | J22: ="AZ" & TEXT(E22, "000") -> AZ009 | K22: =IFERROR(VLOOKUP(J22,'Inadimplencia - FEV 2025'!$A$5:$E$85,4,0),"0") -> 6781.55 | L22: =IFERROR(VLOOKUP(J22,'Inadimplencia - Out 2025'!$A$5:$E$85,4,0),"0") -> 8868.32 | M22: =L22-K22 -> 2086.77 | N22: =IF(L22>K22,"AUMENTOU","DIMINUIU") -> AUMENTOU
B23: 36.444.257/0001-80 | C23: GILDENOU VALENTIM MARTINS | D23: Azaléia - AZ | E23: 47 | F23: 2 | G23: Residência | H23: 8 | J23: ="AZ" & TEXT(E23, "000") -> AZ047 | K23: =IFERROR(VLOOKUP(J23,'Inadimplencia - FEV 2025'!$A$5:$E$85,4,0),"0") -> 6673.95 | L23: =IFERROR(VLOOKUP(J23,'Inadimplencia - Out 2025'!$A$5:$E$85,4,0),"0") -> 8047.12 | M23: =L23-K23 -> 1373.17 | N23: =IF(L23>K23,"AUMENTOU","DIMINUIU") -> AUMENTOU
B24: 217.184.661-53 | C24: HENRIQUE MIRANDA DE ALMEIDA | D24: Gardênia - GA | E24: 38 | F24: 2 | G24: Residência | H24: 8 | J24: ="GA" & TEXT(E24, "000") -> GA038 | K24: =IFERROR(VLOOKUP(J24,'Inadimplencia - FEV 2025'!$A$5:$E$85,4,0),"0") -> 6414.44 | L24: =IFERROR(VLOOKUP(J24,'Inadimplencia - Out 2025'!$A$5:$E$85,4,0),"0") -> 0 | M24: =L24-K24 -> -6414.44 | N24: =IF(L24>K24,"AUMENTOU","DIMINUIU") -> AUMENTOU
B25: 423.581.751-53 | C25: OSMAR DA ROCHA CAMPOS | D25: Gardênia - GA | E25: 55 | F25: 2 | G25: Residência | H25: 8 | J25: ="GA" & TEXT(E25, "000") -> GA055 | K25: =IFERROR(VLOOKUP(J25,'Inadimplencia - FEV 2025'!$A$5:$E$85,4,0),"0") -> 5243.06 | L25: =IFERROR(VLOOKUP(J25,'Inadimplencia - Out 2025'!$A$5:$E$85,4,0),"0") -> 9460.95 | M25: =L25-K25 -> 4217.89 | N25: =IF(L25>K25,"AUMENTOU","DIMINUIU") -> AUMENTOU
B26: 864.594.061-20 | C26: SEBASTIÃO GONÇALVES REZENDE | D26: Azaléia - AZ | E26: 70 | F26: 2 | G26: Residência | H26: 8 | J26: ="AZ" & TEXT(E26, "000") -> AZ070 | K26: =IFERROR(VLOOKUP(J26,'Inadimplencia - FEV 2025'!$A$5:$E$85,4,0),"0") -> 5017.65 | L26: =IFERROR(VLOOKUP(J26,'Inadimplencia - Out 2025'!$A$5:$E$85,4,0),"0") -> 5240.42 | M26: =L26-K26 -> 222.77 | N26: =IF(L26>K26,"AUMENTOU","DIMINUIU") -> AUMENTOU
B27: 249.078.711-04 | C27: DIEGO MAURICIO ABREU SANTOS DA CONCEIÇÃO | D27: Orquídeas - OR | E27: 35 | F27: 2 | G27: Residência | H27: 8 | J27: ="OR" & TEXT(E27, "000") -> OR035 | K27: =IFERROR(VLOOKUP(J27,'Inadimplencia - FEV 2025'!$A$5:$E$85,4,0),"0") -> 4622.99 | L27: =IFERROR(VLOOKUP(J27,'Inadimplencia - Out 2025'!$A$5:$E$85,4,0),"0") -> 7687.41 | M27: =L27-K27 -> 3064.42 | N27: =IF(L27>K27,"AUMENTOU","DIMINUIU") -> AUMENTOU
B28: 249.078.711-04 | C28: GUILHERME CARVALHO VILLETE | D28: Bougainville - BO | E28: 86 | F28: 2 | G28: Residência | H28: 8 | J28: ="BO" & TEXT(E28, "000") -> BO086 | K28: =IFERROR(VLOOKUP(J28,'Inadimplencia - FEV 2025'!$A$5:$E$85,4,0),"0") -> 4609.47 | L28: =IFERROR(VLOOKUP(J28,'Inadimplencia - Out 2025'!$A$5:$E$85,4,0),"0") -> 7110.71 | M28: =L28-K28 -> 2501.24 | N28: =IF(L28>K28,"AUMENTOU","DIMINUIU") -> AUMENTOU
B29: 386.790.601-78 | C29: CRISTIANO ALVES DA SILVA | D29: Bougainville - BO | E29: 110 | F29: 2 | G29: Locação Temporária | H29: 8 | J29: ="BO" & TEXT(E29, "000") -> BO110 | K29: =IFERROR(VLOOKUP(J29,'Inadimplencia - FEV 2025'!$A$5:$E$85,4,0),"0") -> 3743.39 | L29: =IFERROR(VLOOKUP(J29,'Inadimplencia - Out 2025'!$A$5:$E$85,4,0),"0") -> 3950.82 | M29: =L29-K29 -> 207.43 | N29: =IF(L29>K29,"AUMENTOU","DIMINUIU") -> AUMENTOU
B30: 871.709.061-04 | C30: AURIDEA CASTRO FALCÃO FERNANDES | D30: Pitangueiras - PIT | E30: 4 | F30: 2 | G30: Residência | H30: 8 | J30: ="PI" & TEXT(E30, "000") -> PI004 | K30: =IFERROR(VLOOKUP(J30,'Inadimplencia - FEV 2025'!$A$5:$E$85,4,0),"0") -> 2845.77 | L30: =IFERROR(VLOOKUP(J30,'Inadimplencia - Out 2025'!$A$5:$E$85,4,0),"0") -> 3936.36 | M30: =L30-K30 -> 1090.59 | N30: =IF(L30>K30,"AUMENTOU","DIMINUIU") -> AUMENTOU
B31: 346.953.541-87 | C31: WILLIAN DEL. DUQUE DE LA TOUR E ALEN | D31: Jacarandás - JAC | E31: 44 | F31: 2 | G31: Residência | H31: 8 | J31: ="JA" & TEXT(E31, "000") -> JA044 | K31: =IFERROR(VLOOKUP(J31,'Inadimplencia - FEV 2025'!$A$5:$E$85,4,0),"0") -> 2785.3 | L31: =IFERROR(VLOOKUP(J31,'Inadimplencia - Out 2025'!$A$5:$E$85,4,0),"0") -> 3366.22 | M31: =L31-K31 -> 580.92 | N31: =IF(L31>K31,"AUMENTOU","DIMINUIU") -> AUMENTOU
B32: 036.667.431-53 | C32: FLORA LORENÇO SILVA | D32: Azaléia - AZ | E32: 87 | F32: 2 | G32: Residência | H32: 8 | J32: ="AZ" & TEXT(E32, "000") -> AZ087 | K32: =IFERROR(VLOOKUP(J32,'Inadimplencia - FEV 2025'!$A$5:$E$85,4,0),"0") -> 2406.02 | L32: =IFERROR(VLOOKUP(J32,'Inadimplencia - Out 2025'!$A$5:$E$85,4,0),"0") -> 8065.15 | M32: =L32-K32 -> 5659.13 | N32: =IF(L32>K32,"AUMENTOU","DIMINUIU") -> AUMENTOU
B33: 009.336.601-97 | C33: MARGARIDA MARIA DE SOUSA | D33: Pitangueiras - PIT | E33: 80 | F33: 2 | G33: Residência | H33: 8 | J33: ="PI" & TEXT(E33, "000") -> PI080 | K33: =IFERROR(VLOOKUP(J33,'Inadimplencia - FEV 2025'!$A$5:$E$85,4,0),"0") -> 2174.77 | L33: =IFERROR(VLOOKUP(J33,'Inadimplencia - Out 2025'!$A$5:$E$85,4,0),"0") -> 2383.81 | M33: =L33-K33 -> 209.04 | N33: =IF(L33>K33,"AUMENTOU","DIMINUIU") -> AUMENTOU
B34: 073.061.211-20 | C34: DEUSIRENE ALVES DA SILVA | D34: Orquídeas - OR | E34: 47 | F34: 2 | G34: Residência | H34: 8 | J34: ="OR" & TEXT(E34, "000") -> OR047 | K34: =IFERROR(VLOOKUP(J34,'Inadimplencia - FEV 2025'!$A$5:$E$85,4,0),"0") -> 1927.85 | L34: =IFERROR(VLOOKUP(J34,'Inadimplencia - Out 2025'!$A$5:$E$85,4,0),"0") -> 2035.7 | M34: =L34-K34 -> 107.85 | N34: =IF(L34>K34,"AUMENTOU","DIMINUIU") -> AUMENTOU
B35: 059.604.601-49 | C35: CLEMENTE MARQUES DA SILVA | D35: Pitangueiras - PIT | E35: 42 | F35: 2 | G35: Residência | H35: 8 | J35: ="PI" & TEXT(E35, "000") -> PI042 | K35: =IFERROR(VLOOKUP(J35,'Inadimplencia - FEV 2025'!$A$5:$E$85,4,0),"0") -> 1662.99 | L35: =IFERROR(VLOOKUP(J35,'Inadimplencia - Out 2025'!$A$5:$E$85,4,0),"0") -> 2230.53 | M35: =L35-K35 -> 567.54 | N35: =IF(L35>K35,"AUMENTOU","DIMINUIU") -> AUMENTOU
B36: 267.274.471-87 | C36: JAIR JUNIOR CALACIO JUSTINO | D36: Orquídeas - OR | E36: 49 | F36: 2 | G36: Residência | H36: 8 | J36: ="OR" & TEXT(E36, "000") -> OR049 | K36: =IFERROR(VLOOKUP(J36,'Inadimplencia - FEV 2025'!$A$5:$E$85,4,0),"0") -> 1099.57 | L36: =IFERROR(VLOOKUP(J36,'Inadimplencia - Out 2025'!$A$5:$E$85,4,0),"0") -> 3366.22 | M36: =L36-K36 -> 2266.65 | N36: =IF(L36>K36,"AUMENTOU","DIMINUIU") -> AUMENTOU
B37: 508.320.001-59 | C37: YANKO BATISTA LLOBET | D37: Orquídeas - OR | E37: 71 | F37: 2 | G37: Residência | H37: 8 | J37: ="OR" & TEXT(E37, "000") -> OR071 | K37: =IFERROR(VLOOKUP(J37,'Inadimplencia - FEV 2025'!$A$5:$E$85,4,0),"0") -> 1092.19 | L37: =IFERROR(VLOOKUP(J37,'Inadimplencia - Out 2025'!$A$5:$E$85,4,0),"0") -> 5084 | M37: =L37-K37 -> 3991.81 | N37: =IF(L37>K37,"AUMENTOU","DIMINUIU") -> AUMENTOU
B38: 210.855.951-53 | C38: SEBASTIÃO LUIZ DE VASCONCELOS FILHO | D38: Azaléia - AZ | E38: 26 | F38: 2 | G38: Residência | H38: 8 | J38: ="AZ" & TEXT(E38, "000") -> AZ026 | K38: =IFERROR(VLOOKUP(J38,'Inadimplencia - FEV 2025'!$A$5:$E$85,4,0),"0") -> 1092.19 | L38: =IFERROR(VLOOKUP(J38,'Inadimplencia - Out 2025'!$A$5:$E$85,4,0),"0") -> 3375.61 | M38: =L38-K38 -> 2283.42 | N38: =IF(L38>K38,"AUMENTOU","DIMINUIU") -> AUMENTOU
B39: 358.148.101-49 | C39: FRANCISCO CARLOS DE CASTRO E OUTROS | D39: Orquídeas - OR | E39: 13 | F39: 2 | G39: Residência | H39: 8 | J39: ="OR" & TEXT(E39, "000") -> OR013 | K39: =IFERROR(VLOOKUP(J39,'Inadimplencia - FEV 2025'!$A$5:$E$85,4,0),"0") -> 1092.19 | L39: =IFERROR(VLOOKUP(J39,'Inadimplencia - Out 2025'!$A$5:$E$85,4,0),"0") -> 1147.64 | M39: =L39-K39 -> 55.45 | N39: =IF(L39>K39,"AUMENTOU","DIMINUIU") -> AUMENTOU
B40: 020.164.871-78 | C40: MANOEL FRANCISCO DA SILVA | D40: Pitangueiras - PIT | E40: 71 | F40: 2 | G40: Residência | H40: 8 | J40: ="PI" & TEXT(E40, "000") -> PI071 | K40: =IFERROR(VLOOKUP(J40,'Inadimplencia - FEV 2025'!$A$5:$E$85,4,0),"0") -> 674.49 | L40: =IFERROR(VLOOKUP(J40,'Inadimplencia - Out 2025'!$A$5:$E$85,4,0),"0") -> 1265.44 | M40: =L40-K40 -> 590.95 | N40: =IF(L40>K40,"AUMENTOU","DIMINUIU") -> AUMENTOU
B41: 019.991.778-78 | C41: VALDETE ROSA DA SILVA CALDAS | D41: Azaléia - AZ | E41: 59 | F41: 2 | G41: Residência | H41: 8 | J41: ="AZ" & TEXT(E41, "000") -> AZ059 | K41: =IFERROR(VLOOKUP(J41,'Inadimplencia - FEV 2025'!$A$5:$E$85,4,0),"0") -> 646.21 | L41: =IFERROR(VLOOKUP(J41,'Inadimplencia - Out 2025'!$A$5:$E$85,4,0),"0") -> 1235.1 | M41: =L41-K41 -> 588.89 | N41: =IF(L41>K41,"AUMENTOU","DIMINUIU") -> AUMENTOU
B42: 205.751.576-15 | C42: FLORACY ROSA DA SILVA | D42: Azaléia - AZ | E42: 58 | F42: 2 | G42: Residência | H42: 8 | J42: ="AZ" & TEXT(E42, "000") -> AZ058 | K42: =IFERROR(VLOOKUP(J42,'Inadimplencia - FEV 2025'!$A$5:$E$85,4,0),"0") -> 628.3 | L42: =IFERROR(VLOOKUP(J42,'Inadimplencia - Out 2025'!$A$5:$E$85,4,0),"0") -> 6202.21 | M42: =L42-K42 -> 5573.91 | N42: =IF(L42>K42,"AUMENTOU","DIMINUIU") -> AUMENTOU
B43: 633.991.721-68 | C43: MARIA APARECIDA TACASSI | D43: Azaléia - AZ | E43: 2 | F43: 2 | G43: Residência | H43: 8 | J43: ="AZ" & TEXT(E43, "000") -> AZ002 | K43: =IFERROR(VLOOKUP(J43,'Inadimplencia - FEV 2025'!$A$5:$E$85,4,0),"0") -> 609.35 | L43: =IFERROR(VLOOKUP(J43,'Inadimplencia - Out 2025'!$A$5:$E$85,4,0),"0") -> 646.95 | M43: =L43-K43 -> 37.6 | N43: =IF(L43>K43,"AUMENTOU","DIMINUIU") -> AUMENTOU
B44: 394.449.451-20 | C44: LOUISE KARLA TOMAZETT NOGUEIRA | D44: Azaléia - AZ | E44: 16 | F44: 2 | G44: Residência | H44: 8 | J44: ="AZ" & TEXT(E44, "000") -> AZ016 | K44: =IFERROR(VLOOKUP(J44,'Inadimplencia - FEV 2025'!$A$5:$E$85,4,0),"0") -> 603.6 | L44: =IFERROR(VLOOKUP(J44,'Inadimplencia - Out 2025'!$A$5:$E$85,4,0),"0") -> 643.81 | M44: =L44-K44 -> 40.21 | N44: =IF(L44>K44,"AUMENTOU","DIMINUIU") -> AUMENTOU
B45: 112.922.291-87 | C45: MARIZA LIBANO DE ALMEIDA RODRIGUES | D45: Gardênia - GA | E45: 30 | F45: 2 | G45: Residência | H45: 8 | J45: ="GA" & TEXT(E45, "000") -> GA030 | K45: =IFERROR(VLOOKUP(J45,'Inadimplencia - FEV 2025'!$A$5:$E$85,4,0),"0") -> 596.75 | L45: =IFERROR(VLOOKUP(J45,'Inadimplencia - Out 2025'!$A$5:$E$85,4,0),"0") -> 0 | M45: =L45-K45 -> -596.75 | N45: =IF(L45>K45,"AUMENTOU","DIMINUIU") -> AUMENTOU
B46: 151.555.791-04 | C46: NEURENE DIAS FONTENELI | D46: Orquídeas - OR | E46: 28 | F46: 2 | G46: Residência | H46: 8 | J46: ="OR" & TEXT(E46, "000") -> OR028 | K46: =IFERROR(VLOOKUP(J46,'Inadimplencia - FEV 2025'!$A$5:$E$85,4,0),"0") -> 582.11 | L46: =IFERROR(VLOOKUP(J46,'Inadimplencia - Out 2025'!$A$5:$E$85,4,0),"0") -> 4917.11 | M46: =L46-K46 -> 4335 | N46: =IF(L46>K46,"AUMENTOU","DIMINUIU") -> AUMENTOU
B47: 235.503.841-49 | C47: CARLOS ROBERTO CORREIA | D47: Orquídeas - OR | E47: 20 | F47: 2 | G47: Residência | H47: 8 | J47: ="OR" & TEXT(E47, "000") -> OR020 | K47: =IFERROR(VLOOKUP(J47,'Inadimplencia - FEV 2025'!$A$5:$E$85,4,0),"0") -> 582.11 | L47: =IFERROR(VLOOKUP(J47,'Inadimplencia - Out 2025'!$A$5:$E$85,4,0),"0") -> 2875.25 | M47: =L47-K47 -> 2293.14 | N47: =IF(L47>K47,"AUMENTOU","DIMINUIU") -> AUMENTOU
B48: 035.432.691-00 | C48: CELIZE GOMES DA COSTA | D48: Gardênia - GA | E48: 73 | F48: 2 | G48: Residência | H48: 8 | J48: ="GA" & TEXT(E48, "000") -> GA073 | K48: =IFERROR(VLOOKUP(J48,'Inadimplencia - FEV 2025'!$A$5:$E$85,4,0),"0") -> 563.72 | L48: =IFERROR(VLOOKUP(J48,'Inadimplencia - Out 2025'!$A$5:$E$85,4,0),"0") -> 587.66 | M48: =L48-K48 -> 23.94 | N48: =IF(L48>K48,"AUMENTOU","DIMINUIU") -> AUMENTOU
B49: 418.191.281-72 | C49: ARIONE SOARES MARQUES | D49: Pitangueiras - PIT | E49: 3 | F49: 2 | G49: Residência | H49: 8 | J49: ="PI" & TEXT(E49, "000") -> PI003 | K49: =IFERROR(VLOOKUP(J49,'Inadimplencia - FEV 2025'!$A$5:$E$85,4,0),"0") -> 554.87 | L49: =IFERROR(VLOOKUP(J49,'Inadimplencia - Out 2025'!$A$5:$E$85,4,0),"0") -> 578.13 | M49: =L49-K49 -> 23.26 | N49: =IF(L49>K49,"AUMENTOU","DIMINUIU") -> AUMENTOU
B50: 166.522.581-53 | C50: FÁBIO TIAGO VIEIRA S. MARQUES | D50: Pitangueiras - PIT | E50: 5 | F50: 2 | G50: Residência | H50: 8 | J50: ="PI" & TEXT(E50, "000") -> PI005 | K50: =IFERROR(VLOOKUP(J50,'Inadimplencia - FEV 2025'!$A$5:$E$85,4,0),"0") -> 554.87 | L50: =IFERROR(VLOOKUP(J50,'Inadimplencia - Out 2025'!$A$5:$E$85,4,0),"0") -> 578.13 | M50: =L50-K50 -> 23.26 | N50: =IF(L50>K50,"AUMENTOU","DIMINUIU") -> AUMENTOU
B51: 933.002.981-72 | C51: FLORIPES RODRIGUES SILVA CAMILO | D51: Jacarandás - JAC | E51: 31 | F51: 2 | G51: Residência | H51: 8 | J51: ="JA" & TEXT(E51, "000") -> JA031 | K51: =IFERROR(VLOOKUP(J51,'Inadimplencia - FEV 2025'!$A$5:$E$85,4,0),"0") -> 547.49 | L51: =IFERROR(VLOOKUP(J51,'Inadimplencia - Out 2025'!$A$5:$E$85,4,0),"0") -> 693.51 | M51: =L51-K51 -> 146.02 | N51: =IF(L51>K51,"AUMENTOU","DIMINUIU") -> AUMENTOU
B52: 706.844.051-72 | C52: MARIA AUXILIADORA LOPES MARTINS | D52: Jacarandás - JAC | E52: 30 | F52: 2 | G52: Residência | H52: 8 | J52: ="JA" & TEXT(E52, "000") -> JA030 | K52: =IFERROR(VLOOKUP(J52,'Inadimplencia - FEV 2025'!$A$5:$E$85,4,0),"0") -> 547.49 | L52: =IFERROR(VLOOKUP(J52,'Inadimplencia - Out 2025'!$A$5:$E$85,4,0),"0") -> 575.96 | M52: =L52-K52 -> 28.47 | N52: =IF(L52>K52,"AUMENTOU","DIMINUIU") -> AUMENTOU
B53: 086.881.841-00 | C53: GENÉSIO PACIFICO MAGALHÃES | D53: Pitangueiras - PIT | E53: 79 | F53: 2 | G53: Residência | H53: 8 | J53: ="PI" & TEXT(E53, "000") -> PI079 | K53: =IFERROR(VLOOKUP(J53,'Inadimplencia - FEV 2025'!$A$5:$E$85,4,0),"0") -> 544.7 | L53: =IFERROR(VLOOKUP(J53,'Inadimplencia - Out 2025'!$A$5:$E$85,4,0),"0") -> 2316.16 | M53: =L53-K53 -> 1771.46 | N53: =IF(L53>K53,"AUMENTOU","DIMINUIU") -> AUMENTOU
B54: 276.531.158-70 | C54: JOSÉ MOISÉS DE C. JÚNIOR | D54: Gardênia - GA | E54: 1 | F54: 2 | G54: Residência | H54: 8 | J54: ="GA" & TEXT(E54, "000") -> GA001 | K54: =IFERROR(VLOOKUP(J54,'Inadimplencia - FEV 2025'!$A$5:$E$85,4,0),"0") -> 544.7 | L54: =IFERROR(VLOOKUP(J54,'Inadimplencia - Out 2025'!$A$5:$E$85,4,0),"0") -> 571.68 | M54: =L54-K54 -> 26.98 | N54: =IF(L54>K54,"AUMENTOU","DIMINUIU") -> AUMENTOU
B55: 056.119.381-91 | C55: THIAGO ACCIOLY MARINHO | D55: Gardênia - GA | E55: 4 | F55: 2 | G55: Residência | H55: 8 | J55: ="GA" & TEXT(E55, "000") -> GA004 | K55: =IFERROR(VLOOKUP(J55,'Inadimplencia - FEV 2025'!$A$5:$E$85,4,0),"0") -> 544.7 | L55: =IFERROR(VLOOKUP(J55,'Inadimplencia - Out 2025'!$A$5:$E$85,4,0),"0") -> 571.68 | M55: =L55-K55 -> 26.98 | N55: =IF(L55>K55,"AUMENTOU","DIMINUIU") -> AUMENTOU
B56: 343.312.631-34 | C56: RAQUEL GONDIM OLIVEIRA NAVES | D56: Jacarandás - JAC | E56: 53 | F56: 2 | G56: Residência | H56: 8 | J56: ="JA" & TEXT(E56, "000") -> JA053 | K56: =IFERROR(VLOOKUP(J56,'Inadimplencia - FEV 2025'!$A$5:$E$85,4,0),"0") -> 544.7 | L56: =IFERROR(VLOOKUP(J56,'Inadimplencia - Out 2025'!$A$5:$E$85,4,0),"0") -> 571.68 | M56: =L56-K56 -> 26.98 | N56: =IF(L56>K56,"AUMENTOU","DIMINUIU") -> AUMENTOU
B57: 763.464.638-53 | C57: ALEX PEREIRA DE AZEVEDO | D57: Azaléia - AZ | E57: 64 | F57: 2 | G57: Residência | H57: 8 | J57: ="AZ" & TEXT(E57, "000") -> AZ064 | K57: =IFERROR(VLOOKUP(J57,'Inadimplencia - FEV 2025'!$A$5:$E$85,4,0),"0") -> 544.7 | L57: =IFERROR(VLOOKUP(J57,'Inadimplencia - Out 2025'!$A$5:$E$85,4,0),"0") -> 550.33 | M57: =L57-K57 -> 5.63 | N57: =IF(L57>K57,"AUMENTOU","DIMINUIU") -> AUMENTOU
B58: 000.155.791-23 | C58: SEBASTIÃO FERREIRA MENDES | D58: Azaléia - AZ | E58: 5 | F58: 2 | G58: Residência | H58: 8 | J58: ="AZ" & TEXT(E58, "000") -> AZ005 | K58: =IFERROR(VLOOKUP(J58,'Inadimplencia - FEV 2025'!$A$5:$E$85,4,0),"0") -> 9524.82 | L58: =IFERROR(VLOOKUP(J58,'Inadimplencia - Out 2025'!$A$5:$E$85,4,0),"0") -> 7541.22 | M58: =L58-K58 -> -1983.6 | N58: =IF(L58>K58,"AUMENTOU","DIMINUIU") -> DIMINUIU
B59: 188.762.858-49 | C59: JOSÉ MARIA FRAZÃO | D59: Pitangueiras - PIT | E59: 56 | F59: 2 | G59: Locação Temporária | H59: 8 | J59: ="PI" & TEXT(E59, "000") -> PI056 | K59: =IFERROR(VLOOKUP(J59,'Inadimplencia - FEV 2025'!$A$5:$E$85,4,0),"0") -> 7662.46 | L59: =IFERROR(VLOOKUP(J59,'Inadimplencia - Out 2025'!$A$5:$E$85,4,0),"0") -> 2196.92 | M59: =L59-K59 -> -5465.54 | N59: =IF(L59>K59,"AUMENTOU","DIMINUIU") -> DIMINUIU
B60: 196.274.751-49 | C60: JONAS GOMES RODRIGUES | D60: Azaléia - AZ | E60: 7 | F60: 2 | G60: Residência | H60: 8 | J60: ="AZ" & TEXT(E60, "000") -> AZ007 | K60: =IFERROR(VLOOKUP(J60,'Inadimplencia - FEV 2025'!$A$5:$E$85,4,0),"0") -> 6496.29 | L60: =IFERROR(VLOOKUP(J60,'Inadimplencia - Out 2025'!$A$5:$E$85,4,0),"0") -> 2230.53 | M60: =L60-K60 -> -4265.76 | N60: =IF(L60>K60,"AUMENTOU","DIMINUIU") -> DIMINUIU
B61: 095.144.811-00 | C61: MARIA CELESTE DE SOUSA SANTOS | D61: Bougainville - BO | E61: 48 | F61: 2 | G61: Residência | H61: 8 | J61: ="BO" & TEXT(E61, "000") -> BO048 | K61: =IFERROR(VLOOKUP(J61,'Inadimplencia - FEV 2025'!$A$5:$E$85,4,0),"0") -> 4869.71 | L61: =IFERROR(VLOOKUP(J61,'Inadimplencia - Out 2025'!$A$5:$E$85,4,0),"0") -> 2198.96 | M61: =L61-K61 -> -2670.75 | N61: =IF(L61>K61,"AUMENTOU","DIMINUIU") -> DIMINUIU
B62: 038.298.471-49 | C62: NEIDEMAR ALVIRA DA SILVA | D62: Pitangueiras - PIT | E62: 22 | F62: 2 | G62: Residência | H62: 8 | J62: ="PI" & TEXT(E62, "000") -> PI022 | K62: =IFERROR(VLOOKUP(J62,'Inadimplencia - FEV 2025'!$A$5:$E$85,4,0),"0") -> 1647.06 | L62: =IFERROR(VLOOKUP(J62,'Inadimplencia - Out 2025'!$A$5:$E$85,4,0),"0") -> 578.13 | M62: =L62-K62 -> -1068.93 | N62: =IF(L62>K62,"AUMENTOU","DIMINUIU") -> DIMINUIU
B63: 116.446.301-25 | C63: TELMO AUGUSTO DE CARVALHO | D63: Jacarandás - JAC | E63: 2 | F63: 2 | G63: Residência | H63: 8 | J63: ="JA" & TEXT(E63, "000") -> JA002 | K63: =IFERROR(VLOOKUP(J63,'Inadimplencia - FEV 2025'!$A$5:$E$85,4,0),"0") -> 1119.52 | L63: =IFERROR(VLOOKUP(J63,'Inadimplencia - Out 2025'!$A$5:$E$85,4,0),"0") -> 599.4 | M63: =L63-K63 -> -520.12 | N63: =IF(L63>K63,"AUMENTOU","DIMINUIU") -> DIMINUIU
B64: 467.271.081-53 | C64: ALEX PEREIRA DE AZEVEDO | D64: Azaléia - AZ | E64: 69 | F64: 2 | G64: Locação Temporária | H64: 4 | J64: ="AZ" & TEXT(E64, "000") -> AZ069 | K64: =IFERROR(VLOOKUP(J64,'Inadimplencia - FEV 2025'!$A$5:$E$85,4,0),"0") -> 574.82 | L64: =IFERROR(VLOOKUP(J64,'Inadimplencia - Out 2025'!$A$5:$E$85,4,0),"0") -> 550.33 | M64: =L64-K64 -> -24.49 | N64: =IF(L64>K64,"AUMENTOU","DIMINUIU") -> DIMINUIU
B65: 049.181.691-04 | C65: CHRISTIANE CUNHA DE OLIVEIRA | D65: Gardênia - GA | E65: 47 | F65: 2 | G65: Locação Temporária | H65: 8 | J65: ="GA" & TEXT(E65, "000") -> GA047 | K65: =IFERROR(VLOOKUP(J65,'Inadimplencia - FEV 2025'!$A$5:$E$85,4,0),"0") -> 0 | L65: =IFERROR(VLOOKUP(J65,'Inadimplencia - Out 2025'!$A$5:$E$85,4,0),"0") -> 3368.58 | M65: =L65-K65 -> 3368.58 | N65: NOVO
B66: 131.530.801-00 | C66: CHRISTIANE CUNHA DE OLIVEIRA | D66: Gardênia - GA | E66: 46 | F66: 2 | G66: Residência | H66: 8 | J66: ="GA" & TEXT(E66, "000") -> GA046 | K66: =IFERROR(VLOOKUP(J66,'Inadimplencia - FEV 2025'!$A$5:$E$85,4,0),"0") -> 0 | L66: =IFERROR(VLOOKUP(J66,'Inadimplencia - Out 2025'!$A$5:$E$85,4,0),"0") -> 3366.22 | M66: =L66-K66 -> 3366.22 | N66: NOVO
B67: 233.143.621-53 | C67: VANILDA CALACIO DA SILVA JUSTINO | D67: Orquídeas - OR | E67: 51 | F67: 2 | G67: Residência | H67: 8 | J67: ="OR" & TEXT(E67, "000") -> OR051 | K67: =IFERROR(VLOOKUP(J67,'Inadimplencia - FEV 2025'!$A$5:$E$85,4,0),"0") -> 0 | L67: =IFERROR(VLOOKUP(J67,'Inadimplencia - Out 2025'!$A$5:$E$85,4,0),"0") -> 3366.22 | M67: =L67-K67 -> 3366.22 | N67: NOVO
B68: 204.402.511-68 | C68: MARIA DOS SANTOS JUSTINO | D68: Pitangueiras - PIT | E68: 77 | F68: 2 | G68: Residência | H68: 8 | J68: ="PI" & TEXT(E68, "000") -> PI077 | K68: =IFERROR(VLOOKUP(J68,'Inadimplencia - FEV 2025'!$A$5:$E$85,4,0),"0") -> 0 | L68: =IFERROR(VLOOKUP(J68,'Inadimplencia - Out 2025'!$A$5:$E$85,4,0),"0") -> 1793.1 | M68: =L68-K68 -> 1793.1 | N68: NOVO
B69: 815.377.001-20 | C69: JOAO VIEIRA NETO | D69: Orquídeas - OR | E69: 57 | F69: 2 | G69: Locação Temporária | H69: 8 | J69: ="OR" & TEXT(E69, "000") -> OR057 | K69: =IFERROR(VLOOKUP(J69,'Inadimplencia - FEV 2025'!$A$5:$E$85,4,0),"0") -> 0 | L69: =IFERROR(VLOOKUP(J69,'Inadimplencia - Out 2025'!$A$5:$E$85,4,0),"0") -> 1686.66 | M69: =L69-K69 -> 1686.66 | N69: NOVO
B70: 881.050.676-68 | C70: JANE RIBEIRO DA SILVA | D70: Gardênia - GA | E70: 57 | F70: 2 | G70: Residência | H70: 8 | J70: ="GA" & TEXT(E70, "000") -> GA057 | K70: =IFERROR(VLOOKUP(J70,'Inadimplencia - FEV 2025'!$A$5:$E$85,4,0),"0") -> 0 | L70: =IFERROR(VLOOKUP(J70,'Inadimplencia - Out 2025'!$A$5:$E$85,4,0),"0") -> 1667.87 | M70: =L70-K70 -> 1667.87 | N70: NOVO
B71: 070.859.661-49 | C71: JOAO VIEIRA NETO | D71: Orquídeas - OR | E71: 36 | F71: 2 | G71: Residência | H71: 8 | J71: ="OR" & TEXT(E71, "000") -> OR036 | K71: =IFERROR(VLOOKUP(J71,'Inadimplencia - FEV 2025'!$A$5:$E$85,4,0),"0") -> 0 | L71: =IFERROR(VLOOKUP(J71,'Inadimplencia - Out 2025'!$A$5:$E$85,4,0),"0") -> 1127.69 | M71: =L71-K71 -> 1127.69 | N71: NOVO
B72: 296.589.261-34 | C72: ANTÔNIO IRISMAR DE ALMEIDA | D72: Bougainville - BO | E72: 68 | F72: 2 | G72: Residência | H72: 8 | J72: ="BO" & TEXT(E72, "000") -> BO068 | K72: =IFERROR(VLOOKUP(J72,'Inadimplencia - FEV 2025'!$A$5:$E$85,4,0),"0") -> 0 | L72: =IFERROR(VLOOKUP(J72,'Inadimplencia - Out 2025'!$A$5:$E$85,4,0),"0") -> 1108.9 | M72: =L72-K72 -> 1108.9 | N72: NOVO
B73: 663.720.546-04 | C73: MARIA ELISABET MELO | D73: Gardênia - GA | E73: 3 | F73: 2 | G73: Residência | H73: 8 | J73: ="GA" & TEXT(E73, "000") -> GA003 | K73: =IFERROR(VLOOKUP(J73,'Inadimplencia - FEV 2025'!$A$5:$E$85,4,0),"0") -> 0 | L73: =IFERROR(VLOOKUP(J73,'Inadimplencia - Out 2025'!$A$5:$E$85,4,0),"0") -> 1108.9 | M73: =L73-K73 -> 1108.9 | N73: NOVO
B74: 334.312.641-15 | C74: FRANCISCO MIGUEL CANDIDO | D74: Pitangueiras - PIT | E74: 69 | F74: 2 | G74: Residência | H74: 8 | J74: ="PI" & TEXT(E74, "000") -> PI069 | K74: =IFERROR(VLOOKUP(J74,'Inadimplencia - FEV 2025'!$A$5:$E$85,4,0),"0") -> 0 | L74: =IFERROR(VLOOKUP(J74,'Inadimplencia - Out 2025'!$A$5:$E$85,4,0),"0") -> 570.07 | M74: =L74-K74 -> 570.07 | N74: NOVO
B75: 788.992.571-91 | C75: GERULINO SEVERIANO ALVES | D75: Bougainville - BO | E75: 104 | F75: 2 | G75: Residência | H75: 8 | J75: ="BO" & TEXT(E75, "000") -> BO104 | K75: =IFERROR(VLOOKUP(J75,'Inadimplencia - FEV 2025'!$A$5:$E$85,4,0),"0") -> 0 | L75: =IFERROR(VLOOKUP(J75,'Inadimplencia - Out 2025'!$A$5:$E$85,4,0),"0") -> 566.57 | M75: =L75-K75 -> 566.57 | N75: NOVO
B76: 529.911.211-49 | C76: ELISANGELA BETETI BORGES BRASIL | D76: Bougainville - BO | E76: 108 | F76: 2 | G76: Residência | H76: 8 | J76: ="BO" & TEXT(E76, "000") -> BO108 | K76: =IFERROR(VLOOKUP(J76,'Inadimplencia - FEV 2025'!$A$5:$E$85,4,0),"0") -> 0 | L76: =IFERROR(VLOOKUP(J76,'Inadimplencia - Out 2025'!$A$5:$E$85,4,0),"0") -> 566.57 | M76: =L76-K76 -> 566.57 | N76: NOVO
B77: 461.636.621-72 | C77: JOSE HEITOR DE ALMEIDA | D77: Bougainville - BO | E77: 112 | F77: 2 | G77: Residência | H77: 8 | J77: ="BO" & TEXT(E77, "000") -> BO112 | K77: =IFERROR(VLOOKUP(J77,'Inadimplencia - FEV 2025'!$A$5:$E$85,4,0),"0") -> 0 | L77: =IFERROR(VLOOKUP(J77,'Inadimplencia - Out 2025'!$A$5:$E$85,4,0),"0") -> 566.57 | M77: =L77-K77 -> 566.57 | N77: NOVO
B78: 707.766.951-34 | C78: SAULA ARLETH DA SILVA | D78: Pitangueiras - PIT | E78: 15 | F78: 2 | G78: Residência | H78: 8 | J78: ="PI" & TEXT(E78, "000") -> PI015 | K78: =IFERROR(VLOOKUP(J78,'Inadimplencia - FEV 2025'!$A$5:$E$85,4,0),"0") -> 0 | L78: =IFERROR(VLOOKUP(J78,'Inadimplencia - Out 2025'!$A$5:$E$85,4,0),"0") -> 558.97 | M78: =L78-K78 -> 558.97 | N78: NOVO
B79: 160.801.571-87 | C79: FERNANDO FARIAS DOS SANTOS | D79: Jacarandás - JAC | E79: 12 | F79: 2 | G79: Residência | H79: 8 | J79: ="JA" & TEXT(E79, "000") -> JA012 | K79: =IFERROR(VLOOKUP(J79,'Inadimplencia - FEV 2025'!$A$5:$E$85,4,0),"0") -> 0 | L79: =IFERROR(VLOOKUP(J79,'Inadimplencia - Out 2025'!$A$5:$E$85,4,0),"0") -> 558.57 | M79: =L79-K79 -> 558.57 | N79: NOVO
B80: 485.246.111-20 | C80: PEDRO NOLASCO DE REZENDE | D80: Pitangueiras - PIT | E80: 73 | F80: 2 | G80: Residência | H80: 8 | J80: ="PI" & TEXT(E80, "000") -> PI073 | K80: =IFERROR(VLOOKUP(J80,'Inadimplencia - FEV 2025'!$A$5:$E$85,4,0),"0") -> 0 | L80: =IFERROR(VLOOKUP(J80,'Inadimplencia - Out 2025'!$A$5:$E$85,4,0),"0") -> 558.57 | M80: =L80-K80 -> 558.57 | N80: NOVO
B81: 077.010.201-87 | C81: APARECIDO DE MACEDO RODRIGUES | D81: Azaléia - AZ | E81: 30 | F81: 2 | G81: Residência | H81: 8 | J81: ="AZ" & TEXT(E81, "000") -> AZ030 | K81: =IFERROR(VLOOKUP(J81,'Inadimplencia - FEV 2025'!$A$5:$E$85,4,0),"0") -> 0 | L81: =IFERROR(VLOOKUP(J81,'Inadimplencia - Out 2025'!$A$5:$E$85,4,0),"0") -> 550.33 | M81: =L81-K81 -> 550.33 | N81: NOVO
B82: 492.357.701-06 | C82: VICENTE BEZERRA DE OLIVEIRA | D82: Bougainville - BO | E82: 114 | F82: 2 | G82: Residência | H82: 8 | J82: ="BO" & TEXT(E82, "000") -> BO114 | K82: =IFERROR(VLOOKUP(J82,'Inadimplencia - FEV 2025'!$A$5:$E$85,4,0),"0") -> 0 | L82: =IFERROR(VLOOKUP(J82,'Inadimplencia - Out 2025'!$A$5:$E$85,4,0),"0") -> 550.33 | M82: =L82-K82 -> 550.33 | N82: NOVO
B83: 456.123.821-20 | C83: JAIRON JAKSON ALMEIDA MARQUES | D83: Pitangueiras - PIT | E83: 33 | F83: 2 | G83: Residência | H83: 8 | J83: ="PI" & TEXT(E83, "000") -> PI033 | K83: =IFERROR(VLOOKUP(J83,'Inadimplencia - FEV 2025'!$A$5:$E$85,4,0),"0") -> 77430.58 | L83: =IFERROR(VLOOKUP(J83,'Inadimplencia - Out 2025'!$A$5:$E$85,4,0),"0") -> 0 | M83: =L83-K83 -> -77430.58 | N83: QUITOU
B84: 247.586.801-59 | C84: FRANCISCO ALVES DE MENDONÇA | D84: Jacarandás - JAC | E84: 21 | F84: 2 | G84: Residência | H84: 8 | J84: ="JA" & TEXT(E84, "000") -> JA021 | K84: =IFERROR(VLOOKUP(J84,'Inadimplencia - FEV 2025'!$A$5:$E$85,4,0),"0") -> 7359.13 | L84: =IFERROR(VLOOKUP(J84,'Inadimplencia - Out 2025'!$A$5:$E$85,4,0),"0") -> 0 | M84: =L84-K84 -> -7359.13 | N84: QUITOU
B85: 002.691.231-72 | C85: CARMELINA AMELIA DA SILVA | D85: Orquídeas - OR | E85: 84 | F85: 2 | G85: Residência | H85: 8 | J85: ="OR" & TEXT(E85, "000") -> OR084 | K85: =IFERROR(VLOOKUP(J85,'Inadimplencia - FEV 2025'!$A$5:$E$85,4,0),"0") -> 1142.3 | L85: =IFERROR(VLOOKUP(J85,'Inadimplencia - Out 2025'!$A$5:$E$85,4,0),"0") -> 0 | M85: =L85-K85 -> -1142.3 | N85: QUITOU
B86: 083.244.761-72 | C86: JOSE MARIA DE ASSIS | D86: Pitangueiras - PIT | E86: 49 | F86: 2 | G86: Residência | H86: 8 | J86: ="PI" & TEXT(E86, "000") -> PI049 | K86: =IFERROR(VLOOKUP(J86,'Inadimplencia - FEV 2025'!$A$5:$E$85,4,0),"0") -> 1129.74 | L86: =IFERROR(VLOOKUP(J86,'Inadimplencia - Out 2025'!$A$5:$E$85,4,0),"0") -> 0 | M86: =L86-K86 -> -1129.74 | N86: QUITOU
B87: 025.864.481-89 | C87: MAURICIO VIEIRA DE CARVALHO | D87: Orquídeas - OR | E87: 14 | F87: 2 | G87: Residência | H87: 8 | J87: ="OR" & TEXT(E87, "000") -> OR014 | K87: =IFERROR(VLOOKUP(J87,'Inadimplencia - FEV 2025'!$A$5:$E$85,4,0),"0") -> 1092.19 | L87: =IFERROR(VLOOKUP(J87,'Inadimplencia - Out 2025'!$A$5:$E$85,4,0),"0") -> 0 | M87: =L87-K87 -> -1092.19 | N87: QUITOU
B88: 061.138.117-60 | C88: ZULEIDE BRITO LOBO | D88: Orquídeas - OR | E88: 86 | F88: 2 | G88: Residência | H88: 8 | J88: ="OR" & TEXT(E88, "000") -> OR086 | K88: =IFERROR(VLOOKUP(J88,'Inadimplencia - FEV 2025'!$A$5:$E$85,4,0),"0") -> 1092.19 | L88: =IFERROR(VLOOKUP(J88,'Inadimplencia - Out 2025'!$A$5:$E$85,4,0),"0") -> 0 | M88: =L88-K88 -> -1092.19 | N88: QUITOU
B89: 493.162.576-20 | C89: EDNA VIANA MACEDO | D89: Azaléia - AZ | E89: 62 | F89: 2 | G89: Residência | H89: 8 | J89: ="AZ" & TEXT(E89, "000") -> AZ062 | K89: =IFERROR(VLOOKUP(J89,'Inadimplencia - FEV 2025'!$A$5:$E$85,4,0),"0") -> 617.8 | L89: =IFERROR(VLOOKUP(J89,'Inadimplencia - Out 2025'!$A$5:$E$85,4,0),"0") -> 0 | M89: =L89-K89 -> -617.8 | N89: QUITOU
B90: 336.927.261-04 | C90: TEREZINHA DOS PASSOS LIMA | D90: Jacarandás - JAC | E90: 3 | F90: 2 | G90: Residência | H90: 8 | J90: ="JA" & TEXT(E90, "000") -> JA003 | K90: =IFERROR(VLOOKUP(J90,'Inadimplencia - FEV 2025'!$A$5:$E$85,4,0),"0") -> 562.49 | L90: =IFERROR(VLOOKUP(J90,'Inadimplencia - Out 2025'!$A$5:$E$85,4,0),"0") -> 0 | M90: =L90-K90 -> -562.49 | N90: QUITOU
B91: 276.531.158-70 | C91: MARIA CARMEM DE BESSA PAIVA | D91: Azaléia - AZ | E91: 38 | F91: 2 | G91: Residência | H91: 8 | J91: ="AZ" & TEXT(E91, "000") -> AZ038 | K91: =IFERROR(VLOOKUP(J91,'Inadimplencia - FEV 2025'!$A$5:$E$85,4,0),"0") -> 554.87 | L91: =IFERROR(VLOOKUP(J91,'Inadimplencia - Out 2025'!$A$5:$E$85,4,0),"0") -> 0 | M91: =L91-K91 -> -554.87 | N91: QUITOU
B92: 467.249.901-49 | C92: JOSE VALDO PINHEIRO | D92: Pitangueiras - PIT | E92: 25 | F92: 2 | G92: Residência | H92: 8 | J92: ="PI" & TEXT(E92, "000") -> PI025 | K92: =IFERROR(VLOOKUP(J92,'Inadimplencia - FEV 2025'!$A$5:$E$85,4,0),"0") -> 554.87 | L92: =IFERROR(VLOOKUP(J92,'Inadimplencia - Out 2025'!$A$5:$E$85,4,0),"0") -> 0 | M92: =L92-K92 -> -554.87 | N92: QUITOU
B93: 704.479.508-00 | C93: NIRALDO DE OLIVEIRA | D93: Azaléia - AZ | E93: 68 | F93: 2 | G93: Residência | H93: 8 | J93: ="AZ" & TEXT(E93, "000") -> AZ068 | K93: =IFERROR(VLOOKUP(J93,'Inadimplencia - FEV 2025'!$A$5:$E$85,4,0),"0") -> 544.7 | L93: =IFERROR(VLOOKUP(J93,'Inadimplencia - Out 2025'!$A$5:$E$85,4,0),"0") -> 0 | M93: =L93-K93 -> -544.7 | N93: QUITOU
B94: 33.344.938/0001-88 | C94: JOSE FERNANDES DA SILVA | D94: Bougainville - BO | E94: 28 | F94: 2 | G94: Residência | H94: 8 | J94: ="BO" & TEXT(E94, "000") -> BO028 | K94: =IFERROR(VLOOKUP(J94,'Inadimplencia - FEV 2025'!$A$5:$E$85,4,0),"0") -> 544.7 | L94: =IFERROR(VLOOKUP(J94,'Inadimplencia - Out 2025'!$A$5:$E$85,4,0),"0") -> 0 | M94: =L94-K94 -> -544.7 | N94: QUITOU
B95: 369.674.161-20 | C95: CARLOS ALBERTO VIEIRA | D95: Bougainville - BO | E95: 31 | F95: 2 | G95: Residência | H95: 8 | J95: ="BO" & TEXT(E95, "000") -> BO031 | K95: =IFERROR(VLOOKUP(J95,'Inadimplencia - FEV 2025'!$A$5:$E$85,4,0),"0") -> 544.7 | L95: =IFERROR(VLOOKUP(J95,'Inadimplencia - Out 2025'!$A$5:$E$85,4,0),"0") -> 0 | M95: =L95-K95 -> -544.7 | N95: QUITOU
B96: 984.519.791-49 | C96: ANTONIA VERA LUCIA GUIMARAES | D96: Bougainville - BO | E96: 33 | F96: 2 | G96: Residência | H96: 8 | J96: ="BO" & TEXT(E96, "000") -> BO033 | K96: =IFERROR(VLOOKUP(J96,'Inadimplencia - FEV 2025'!$A$5:$E$85,4,0),"0") -> 544.7 | L96: =IFERROR(VLOOKUP(J96,'Inadimplencia - Out 2025'!$A$5:$E$85,4,0),"0") -> 0 | M96: =L96-K96 -> -544.7 | N96: QUITOU
B97: 565.499.891-91 | C97: LUIZ FERNANDO MENDES ARANTES | D97: Bougainville - BO | E97: 105 | F97: 2 | G97: Residência | H97: 8 | J97: ="BO" & TEXT(E97, "000") -> BO105 | K97: =IFERROR(VLOOKUP(J97,'Inadimplencia - FEV 2025'!$A$5:$E$85,4,0),"0") -> 544.7 | L97: =IFERROR(VLOOKUP(J97,'Inadimplencia - Out 2025'!$A$5:$E$85,4,0),"0") -> 0 | M97: =L97-K97 -> -544.7 | N97: QUITOU
B98: 036.458.571-41 | C98: IDALÍCIO GOMES OLIVEIRA | D98: Bougainville - BO | E98: 111 | F98: 2 | G98: Residência | H98: 8 | J98: ="BO" & TEXT(E98, "000") -> BO111 | K98: =IFERROR(VLOOKUP(J98,'Inadimplencia - FEV 2025'!$A$5:$E$85,4,0),"0") -> 544.7 | L98: =IFERROR(VLOOKUP(J98,'Inadimplencia - Out 2025'!$A$5:$E$85,4,0),"0") -> 0 | M98: =L98-K98 -> -544.7 | N98: QUITOU
B99: 634.281.561-53 | C99: SUELI PEREIRA DE PAULA | D99: Gardênia - GA | E99: 75 | F99: 2 | G99: Residência | H99: 8 | J99: ="GA" & TEXT(E99, "000") -> GA075 | K99: =IFERROR(VLOOKUP(J99,'Inadimplencia - FEV 2025'!$A$5:$E$85,4,0),"0") -> 544.7 | L99: =IFERROR(VLOOKUP(J99,'Inadimplencia - Out 2025'!$A$5:$E$85,4,0),"0") -> 0 | M99: =L99-K99 -> -544.7 | N99: QUITOU
B100: 077.010.201-87 | C100: ANTONIA VERA LUCIA GUIMARAES | D100: Orquídeas - OR | E100: 85 | F100: 2 | G100: Locação Temporária | H100: 8 | J100: ="OR" & TEXT(E100, "000") -> OR085 | K100: =IFERROR(VLOOKUP(J100,'Inadimplencia - FEV 2025'!$A$5:$E$85,4,0),"0") -> 544.7 | L100: =IFERROR(VLOOKUP(J100,'Inadimplencia - Out 2025'!$A$5:$E$85,4,0),"0") -> 0 | M100: =L100-K100 -> -544.7 | N100: QUITOU
...
